source_reference,reference_count,first_seen_page,type,public_site_status
../../../wp-content/plugins/polylang/flags/cz.png,124,de/product-category/holzspaene-online-kaufen/index.html,relative reference,Not republished; ownership/licence confirmation required
../../../wp-content/plugins/polylang/flags/gb.png,156,de/product-category/holzspaene-online-kaufen/index.html,relative reference,Not republished; ownership/licence confirmation required
../../../wp-content/uploads/2013/06/Koupit-drevene-pelety-EN-Plus-A1-300x300.webp,7,de/product-category/holzpellets-online-kaufen/index.html,relative reference,Not republished; ownership/licence confirmation required
../../../wp-content/uploads/2013/06/Koupit-jasanove-palivove-drevo-300x300.webp,4,de/product-category/brennholz-online-kaufen-deutschland/index.html,relative reference,Not republished; ownership/licence confirmation required
../../../wp-content/uploads/2013/06/Koupit-susene-palivove-drevo-300x300.webp,8,de/product-category/brennholz-online-kaufen-deutschland/index.html,relative reference,Not republished; ownership/licence confirmation required
../../../wp-content/uploads/2013/06/Koupit-topolove-palivove-drevo-300x300.webp,2,de/product-category/brennholz-online-kaufen-deutschland/index.html,relative reference,Not republished; ownership/licence confirmation required
../../../wp-content/uploads/2013/08/Koupit-biomasove-drevene-pelety-300x300.webp,6,de/product-category/holzpellets-online-kaufen/index.html,relative reference,Not republished; ownership/licence confirmation required
../../../wp-content/uploads/2013/08/Koupit-biomasove-drevene-pelety.webp,1,de/product/biomasse-holzpellets-kaufen/index.html,relative reference,Not republished; ownership/licence confirmation required
../../../wp-content/uploads/2013/08/Koupit-drevene-brikety-RUF.webp,7,de/product-category/holzbriketts-online-kaufen-deutschland/index.html,relative reference,Not republished; ownership/licence confirmation required
../../../wp-content/uploads/2013/08/Koupit-smrkove-piliny.webp,8,de/product-category/saegemehl-online-kaufen-deutschland/index.html,relative reference,Not republished; ownership/licence confirmation required
../../../wp-content/uploads/2025/10/Untitled-design.webp,62,de/product-category/holzspaene-online-kaufen/index.html,relative reference,Not republished; ownership/licence confirmation required
../../../wp-content/uploads/2025/11/Biomasse-Holzpellets-kaufen-300x300.webp,7,de/product-category/holzpellets-online-kaufen/index.html,relative reference,Not republished; ownership/licence confirmation required
../../../wp-content/uploads/2025/11/Buy-DIN-Hay-Pellets-for-heating-300x300.webp,6,de/product-category/holzpellets-online-kaufen/index.html,relative reference,Not republished; ownership/licence confirmation required
../../../wp-content/uploads/2025/11/Buy-DIN-Hay-Pellets-for-heating.webp,1,en/product/buy-din-hay-pellets-for-heating/index.html,relative reference,Not republished; ownership/licence confirmation required
../../../wp-content/uploads/2025/11/Holzpellets-EN-Plus-A1-kaufen-300x300.webp,7,de/product-category/holzpellets-online-kaufen/index.html,relative reference,Not republished; ownership/licence confirmation required
../../../wp-content/uploads/2025/11/Kiefern-Brennholz-online-kaufen-300x300.webp,4,de/product-category/brennholz-online-kaufen-deutschland/index.html,relative reference,Not republished; ownership/licence confirmation required
../../wp-content/plugins/polylang/flags/cz.png,52,de/kontaktieren-sie-wood-brezany/index.html,relative reference,Not republished; ownership/licence confirmation required
../../wp-content/plugins/polylang/flags/gb.png,66,de/kontaktieren-sie-wood-brezany/index.html,relative reference,Not republished; ownership/licence confirmation required
../../wp-content/uploads/2013/06/Koupit-drevene-pelety-EN-Plus-A1-300x300.webp,4,de/holzpellets-kaufen/index.html,relative reference,Not republished; ownership/licence confirmation required
../../wp-content/uploads/2013/06/Koupit-jasanove-palivove-drevo-300x300.webp,4,de/shop/index.html,relative reference,Not republished; ownership/licence confirmation required
../../wp-content/uploads/2013/06/Koupit-susene-palivove-drevo-300x300.webp,4,de/holzpellets-kaufen/index.html,relative reference,Not republished; ownership/licence confirmation required
../../wp-content/uploads/2013/06/Koupit-topolove-palivove-drevo-300x300.webp,5,de/shop/index.html,relative reference,Not republished; ownership/licence confirmation required
../../wp-content/uploads/2013/08/Koupit-biomasove-drevene-pelety-300x300.webp,2,de/holzpellets-kaufen/index.html,relative reference,Not republished; ownership/licence confirmation required
../../wp-content/uploads/2013/08/Koupit-biomasove-drevene-pelety.webp,4,de/holzpellets-kaufen/index.html,relative reference,Not republished; ownership/licence confirmation required
../../wp-content/uploads/2013/08/Koupit-drevene-brikety-RUF.webp,3,de/holzpellets-kaufen/index.html,relative reference,Not republished; ownership/licence confirmation required
../../wp-content/uploads/2013/08/Koupit-smrkove-piliny.webp,4,de/holzpellets-kaufen/index.html,relative reference,Not republished; ownership/licence confirmation required
../../wp-content/uploads/2025/10/Untitled-design.webp,28,de/kontaktieren-sie-wood-brezany/index.html,relative reference,Not republished; ownership/licence confirmation required
../../wp-content/uploads/2025/11/Are-Wood-Pellets-Safe-Indoors-1200x800.webp,8,de/holzpellets-kaufen/index.html,relative reference,Not republished; ownership/licence confirmation required
../../wp-content/uploads/2025/11/Biomasse-Holzpellets-kaufen-300x300.webp,3,de/holzpellets-kaufen/index.html,relative reference,Not republished; ownership/licence confirmation required
../../wp-content/uploads/2025/11/Buy-DIN-Hay-Pellets-for-heating-300x300.webp,5,de/shop/index.html,relative reference,Not republished; ownership/licence confirmation required
../../wp-content/uploads/2025/11/Holzpellets-EN-Plus-A1-kaufen-300x300.webp,4,de/holzpellets-kaufen/index.html,relative reference,Not republished; ownership/licence confirmation required
../../wp-content/uploads/2025/11/Kiefern-Brennholz-online-kaufen-300x300.webp,4,de/holzpellets-kaufen/index.html,relative reference,Not republished; ownership/licence confirmation required
../wp-content/plugins/polylang/flags/cz.png,8,kosik-2/index.html,relative reference,Not republished; ownership/licence confirmation required
../wp-content/plugins/polylang/flags/gb.png,6,kosik-2/index.html,relative reference,Not republished; ownership/licence confirmation required
../wp-content/uploads/2013/06/Koupit-drevene-pelety-EN-Plus-A1-300x300.webp,2,home/index.html,relative reference,Not republished; ownership/licence confirmation required
../wp-content/uploads/2013/06/Koupit-jasanove-palivove-drevo-300x300.webp,2,home/index.html,relative reference,Not republished; ownership/licence confirmation required
../wp-content/uploads/2013/06/Koupit-susene-palivove-drevo-300x300.webp,2,home/index.html,relative reference,Not republished; ownership/licence confirmation required
../wp-content/uploads/2013/06/Koupit-topolove-palivove-drevo-300x300.webp,2,home/index.html,relative reference,Not republished; ownership/licence confirmation required
../wp-content/uploads/2013/08/Koupit-biomasove-drevene-pelety-300x300.webp,2,home/index.html,relative reference,Not republished; ownership/licence confirmation required
../wp-content/uploads/2013/08/Koupit-drevene-brikety-RUF.webp,2,home/index.html,relative reference,Not republished; ownership/licence confirmation required
../wp-content/uploads/2013/08/Koupit-smrkove-piliny.webp,2,home/index.html,relative reference,Not republished; ownership/licence confirmation required
../wp-content/uploads/2025/10/Untitled-design.webp,4,kosik-2/index.html,relative reference,Not republished; ownership/licence confirmation required
../wp-content/uploads/2025/11/Biomasse-Holzpellets-kaufen-300x300.webp,2,home/index.html,relative reference,Not republished; ownership/licence confirmation required
../wp-content/uploads/2025/11/Buy-DIN-Hay-Pellets-for-heating-300x300.webp,2,home/index.html,relative reference,Not republished; ownership/licence confirmation required
../wp-content/uploads/2025/11/Holzpellets-EN-Plus-A1-kaufen-300x300.webp,2,home/index.html,relative reference,Not republished; ownership/licence confirmation required
../wp-content/uploads/2025/11/Kiefern-Brennholz-online-kaufen-300x300.webp,2,home/index.html,relative reference,Not republished; ownership/licence confirmation required
https://woodbrezany.com/wp-content/plugins/polylang/flags/cz.png,10,Firefox/index.html,remote,Not republished; ownership/licence confirmation required
https://woodbrezany.com/wp-content/plugins/polylang/flags/de.png,10,Firefox/index.html,remote,Not republished; ownership/licence confirmation required
https://woodbrezany.com/wp-content/plugins/polylang/flags/gb.png,12,Firefox/index.html,remote,Not republished; ownership/licence confirmation required
https://woodbrezany.com/wp-content/plugins/polylang/flags/pl.png,8,Firefox/index.html,remote,Not republished; ownership/licence confirmation required
https://woodbrezany.com/wp-content/plugins/polylang/flags/ro.png,8,Firefox/index.html,remote,Not republished; ownership/licence confirmation required
https://woodbrezany.com/wp-content/uploads/2013/06/Koupit-Kategorie-A1-Drevene-Pelety-100x100.webp,9,home/index.html,remote,Not republished; ownership/licence confirmation required
https://woodbrezany.com/wp-content/uploads/2013/06/Koupit-Kategorie-A1-Drevene-Pelety-280x280.webp,9,home/index.html,remote,Not republished; ownership/licence confirmation required
https://woodbrezany.com/wp-content/uploads/2013/06/Koupit-Kategorie-A1-Drevene-Pelety-300x300.webp,9,home/index.html,remote,Not republished; ownership/licence confirmation required
https://woodbrezany.com/wp-content/uploads/2013/06/Koupit-borovicove-stepky-online-100x100.webp,8,home/index.html,remote,Not republished; ownership/licence confirmation required
https://woodbrezany.com/wp-content/uploads/2013/06/Koupit-borovicove-stepky-online-280x280.webp,8,home/index.html,remote,Not republished; ownership/licence confirmation required
https://woodbrezany.com/wp-content/uploads/2013/06/Koupit-borovicove-stepky-online.webp,11,home/index.html,remote,Not republished; ownership/licence confirmation required
https://woodbrezany.com/wp-content/uploads/2013/06/Koupit-bukove-palivove-drevo-100x100.webp,12,home/index.html,remote,Not republished; ownership/licence confirmation required
https://woodbrezany.com/wp-content/uploads/2013/06/Koupit-bukove-palivove-drevo-280x280.webp,12,home/index.html,remote,Not republished; ownership/licence confirmation required
https://woodbrezany.com/wp-content/uploads/2013/06/Koupit-bukove-palivove-drevo-300x300.webp,13,home/index.html,remote,Not republished; ownership/licence confirmation required
https://woodbrezany.com/wp-content/uploads/2013/06/Koupit-bukove-palivove-drevo-438x400.webp,1,en/product/buy-beech-firewood-online/index.html,remote,Not republished; ownership/licence confirmation required
https://woodbrezany.com/wp-content/uploads/2013/06/Koupit-bukove-palivove-drevo-600x548.webp,1,en/product/buy-beech-firewood-online/index.html,remote,Not republished; ownership/licence confirmation required
https://woodbrezany.com/wp-content/uploads/2013/06/Koupit-bukove-palivove-drevo-768x701.webp,1,en/product/buy-beech-firewood-online/index.html,remote,Not republished; ownership/licence confirmation required
https://woodbrezany.com/wp-content/uploads/2013/06/Koupit-bukove-palivove-drevo-876x800.webp,1,en/product/buy-beech-firewood-online/index.html,remote,Not republished; ownership/licence confirmation required
https://woodbrezany.com/wp-content/uploads/2013/06/Koupit-bukove-palivove-drevo.webp,2,en/product/buy-beech-firewood-online/index.html,remote,Not republished; ownership/licence confirmation required
https://woodbrezany.com/wp-content/uploads/2013/06/Koupit-drevene-pelety-EN-Plus-A1-100x100.webp,11,home/index.html,remote,Not republished; ownership/licence confirmation required
https://woodbrezany.com/wp-content/uploads/2013/06/Koupit-drevene-pelety-EN-Plus-A1-280x280.webp,11,home/index.html,remote,Not republished; ownership/licence confirmation required
https://woodbrezany.com/wp-content/uploads/2013/06/Koupit-drevene-pelety-EN-Plus-A1-300x300.webp,13,home/index.html,remote,Not republished; ownership/licence confirmation required
https://woodbrezany.com/wp-content/uploads/2013/06/Koupit-drevene-pelety-EN-Plus-A1-400x400.webp,11,home/index.html,remote,Not republished; ownership/licence confirmation required
https://woodbrezany.com/wp-content/uploads/2013/06/Koupit-drevene-pelety-EN-Plus-A1.webp,12,home/index.html,remote,Not republished; ownership/licence confirmation required
https://woodbrezany.com/wp-content/uploads/2013/06/Koupit-drevo-z-habru-100x100.webp,5,home/index.html,remote,Not republished; ownership/licence confirmation required
https://woodbrezany.com/wp-content/uploads/2013/06/Koupit-drevo-z-habru-280x280.webp,5,home/index.html,remote,Not republished; ownership/licence confirmation required
https://woodbrezany.com/wp-content/uploads/2013/06/Koupit-drevo-z-habru.webp,5,home/index.html,remote,Not republished; ownership/licence confirmation required
https://woodbrezany.com/wp-content/uploads/2013/06/Koupit-jasanove-palivove-drevo-100x100.webp,7,home/index.html,remote,Not republished; ownership/licence confirmation required
https://woodbrezany.com/wp-content/uploads/2013/06/Koupit-jasanove-palivove-drevo-280x280.webp,6,home/index.html,remote,Not republished; ownership/licence confirmation required
https://woodbrezany.com/wp-content/uploads/2013/06/Koupit-jasanove-palivove-drevo-300x300.webp,6,home/index.html,remote,Not republished; ownership/licence confirmation required
https://woodbrezany.com/wp-content/uploads/2013/06/Koupit-jasanove-palivove-drevo-396x400.webp,2,en/product/buy-beech-firewood-online/index.html,remote,Not republished; ownership/licence confirmation required
https://woodbrezany.com/wp-content/uploads/2013/06/Koupit-jasanove-palivove-drevo.webp,3,en/product/buy-beech-firewood-online/index.html,remote,Not republished; ownership/licence confirmation required
https://woodbrezany.com/wp-content/uploads/2013/06/Koupit-olsove-drevene-stepky-100x100.webp,10,index.html,remote,Not republished; ownership/licence confirmation required
https://woodbrezany.com/wp-content/uploads/2013/06/Koupit-olsove-drevene-stepky-280x280.webp,10,index.html,remote,Not republished; ownership/licence confirmation required
https://woodbrezany.com/wp-content/uploads/2013/06/Koupit-olsove-drevene-stepky-300x300.webp,12,index.html,remote,Not republished; ownership/licence confirmation required
https://woodbrezany.com/wp-content/uploads/2013/06/Koupit-pekanove-drevni-stepky-100x100.webp,10,home/index.html,remote,Not republished; ownership/licence confirmation required
https://woodbrezany.com/wp-content/uploads/2013/06/Koupit-pekanove-drevni-stepky-280x280.webp,10,home/index.html,remote,Not republished; ownership/licence confirmation required
https://woodbrezany.com/wp-content/uploads/2013/06/Koupit-pekanove-drevni-stepky.webp,13,home/index.html,remote,Not republished; ownership/licence confirmation required
https://woodbrezany.com/wp-content/uploads/2013/06/Koupit-pelety-DINplus-EN-Plus-A1-100x100.webp,11,home/index.html,remote,Not republished; ownership/licence confirmation required
https://woodbrezany.com/wp-content/uploads/2013/06/Koupit-pelety-DINplus-EN-Plus-A1-280x280.webp,11,home/index.html,remote,Not republished; ownership/licence confirmation required
https://woodbrezany.com/wp-content/uploads/2013/06/Koupit-pelety-DINplus-EN-Plus-A1-300x300.webp,14,home/index.html,remote,Not republished; ownership/licence confirmation required
https://woodbrezany.com/wp-content/uploads/2013/06/Koupit-pelety-DINplus-EN-Plus-A1-400x400.webp,11,home/index.html,remote,Not republished; ownership/licence confirmation required
https://woodbrezany.com/wp-content/uploads/2013/06/Koupit-pelety-DINplus-EN-Plus-A1.webp,12,home/index.html,remote,Not republished; ownership/licence confirmation required
https://woodbrezany.com/wp-content/uploads/2013/06/Koupit-slamove-pelety-DIN-100x100.webp,10,home/index.html,remote,Not republished; ownership/licence confirmation required
https://woodbrezany.com/wp-content/uploads/2013/06/Koupit-slamove-pelety-DIN-280x280.webp,10,home/index.html,remote,Not republished; ownership/licence confirmation required
https://woodbrezany.com/wp-content/uploads/2013/06/Koupit-slamove-pelety-DIN-300x300.webp,11,home/index.html,remote,Not republished; ownership/licence confirmation required
https://woodbrezany.com/wp-content/uploads/2013/06/Koupit-slamove-pelety-DIN-400x400.webp,10,home/index.html,remote,Not republished; ownership/licence confirmation required
https://woodbrezany.com/wp-content/uploads/2013/06/Koupit-slamove-pelety-DIN.webp,10,home/index.html,remote,Not republished; ownership/licence confirmation required
https://woodbrezany.com/wp-content/uploads/2013/06/Koupit-susene-palivove-drevo-100x100.webp,8,home/index.html,remote,Not republished; ownership/licence confirmation required
https://woodbrezany.com/wp-content/uploads/2013/06/Koupit-susene-palivove-drevo-280x280.webp,8,home/index.html,remote,Not republished; ownership/licence confirmation required
https://woodbrezany.com/wp-content/uploads/2013/06/Koupit-susene-palivove-drevo-300x300.webp,10,home/index.html,remote,Not republished; ownership/licence confirmation required
https://woodbrezany.com/wp-content/uploads/2013/06/Koupit-topolove-palivove-drevo-100x100.webp,7,home/index.html,remote,Not republished; ownership/licence confirmation required
https://woodbrezany.com/wp-content/uploads/2013/06/Koupit-topolove-palivove-drevo-280x280.webp,7,home/index.html,remote,Not republished; ownership/licence confirmation required
https://woodbrezany.com/wp-content/uploads/2013/06/Koupit-topolove-palivove-drevo-300x300.webp,8,home/index.html,remote,Not republished; ownership/licence confirmation required
https://woodbrezany.com/wp-content/uploads/2013/06/Koupit-topolove-palivove-drevo-600x400.webp,7,de/kontaktieren-sie-wood-brezany/index.html,remote,Not republished; ownership/licence confirmation required
https://woodbrezany.com/wp-content/uploads/2013/06/Koupit-topolove-palivove-drevo-768x512.webp,7,de/kontaktieren-sie-wood-brezany/index.html,remote,Not republished; ownership/licence confirmation required
https://woodbrezany.com/wp-content/uploads/2013/06/Koupit-topolove-palivove-drevo.webp,9,de/kontaktieren-sie-wood-brezany/index.html,remote,Not republished; ownership/licence confirmation required
https://woodbrezany.com/wp-content/uploads/2013/06/Prodej-smiseneho-palivoveho-dreva-100x100.webp,6,home/index.html,remote,Not republished; ownership/licence confirmation required
https://woodbrezany.com/wp-content/uploads/2013/06/Prodej-smiseneho-palivoveho-dreva-280x280.webp,6,home/index.html,remote,Not republished; ownership/licence confirmation required
https://woodbrezany.com/wp-content/uploads/2013/06/Prodej-smiseneho-palivoveho-dreva.webp,6,home/index.html,remote,Not republished; ownership/licence confirmation required
https://woodbrezany.com/wp-content/uploads/2013/08/Drevene-hobliny-na-prodej-100x100.webp,9,index.html,remote,Not republished; ownership/licence confirmation required
https://woodbrezany.com/wp-content/uploads/2013/08/Drevene-hobliny-na-prodej-280x280.webp,9,index.html,remote,Not republished; ownership/licence confirmation required
https://woodbrezany.com/wp-content/uploads/2013/08/Drevene-hobliny-na-prodej.webp,10,index.html,remote,Not republished; ownership/licence confirmation required
https://woodbrezany.com/wp-content/uploads/2013/08/Koupit-biomasove-drevene-pelety-100x100.webp,9,home/index.html,remote,Not republished; ownership/licence confirmation required
https://woodbrezany.com/wp-content/uploads/2013/08/Koupit-biomasove-drevene-pelety-280x280.webp,9,home/index.html,remote,Not republished; ownership/licence confirmation required
https://woodbrezany.com/wp-content/uploads/2013/08/Koupit-biomasove-drevene-pelety-300x300.webp,10,home/index.html,remote,Not republished; ownership/licence confirmation required
https://woodbrezany.com/wp-content/uploads/2013/08/Koupit-biomasove-drevene-pelety-400x400.webp,9,home/index.html,remote,Not republished; ownership/licence confirmation required
https://woodbrezany.com/wp-content/uploads/2013/08/Koupit-biomasove-drevene-pelety.webp,14,home/index.html,remote,Not republished; ownership/licence confirmation required
https://woodbrezany.com/wp-content/uploads/2013/08/Koupit-borovicove-piliny--100x100.webp,19,home/index.html,remote,Not republished; ownership/licence confirmation required
https://woodbrezany.com/wp-content/uploads/2013/08/Koupit-borovicove-piliny--280x280.webp,19,home/index.html,remote,Not republished; ownership/licence confirmation required
https://woodbrezany.com/wp-content/uploads/2013/08/Koupit-borovicove-piliny-.webp,23,home/index.html,remote,Not republished; ownership/licence confirmation required
https://woodbrezany.com/wp-content/uploads/2013/08/Koupit-brikety-Pini-Kay-100x100.webp,13,index.html,remote,Not republished; ownership/licence confirmation required
https://woodbrezany.com/wp-content/uploads/2013/08/Koupit-brikety-Pini-Kay-280x280.webp,13,index.html,remote,Not republished; ownership/licence confirmation required
https://woodbrezany.com/wp-content/uploads/2013/08/Koupit-brikety-Pini-Kay-300x300.webp,15,index.html,remote,Not republished; ownership/licence confirmation required
https://woodbrezany.com/wp-content/uploads/2013/08/Koupit-brikety-Pini-Kay-402x400.webp,13,index.html,remote,Not republished; ownership/licence confirmation required
https://woodbrezany.com/wp-content/uploads/2013/08/Koupit-brikety-Pini-Kay.webp,13,index.html,remote,Not republished; ownership/licence confirmation required
https://woodbrezany.com/wp-content/uploads/2013/08/Koupit-brikety-RUF-Bark-100x100.webp,12,index.html,remote,Not republished; ownership/licence confirmation required
https://woodbrezany.com/wp-content/uploads/2013/08/Koupit-brikety-RUF-Bark-280x280.webp,12,index.html,remote,Not republished; ownership/licence confirmation required
https://woodbrezany.com/wp-content/uploads/2013/08/Koupit-brikety-RUF-Bark.webp,13,index.html,remote,Not republished; ownership/licence confirmation required
https://woodbrezany.com/wp-content/uploads/2013/08/Koupit-cedrove-hobliny-100x100.webp,8,index.html,remote,Not republished; ownership/licence confirmation required
https://woodbrezany.com/wp-content/uploads/2013/08/Koupit-cedrove-hobliny-280x280.webp,8,index.html,remote,Not republished; ownership/licence confirmation required
https://woodbrezany.com/wp-content/uploads/2013/08/Koupit-cedrove-hobliny-300x300.webp,9,index.html,remote,Not republished; ownership/licence confirmation required
https://woodbrezany.com/wp-content/uploads/2013/08/Koupit-cedrove-hobliny.webp,3,de/ueber-uns/index.html,remote,Not republished; ownership/licence confirmation required
https://woodbrezany.com/wp-content/uploads/2013/08/Koupit-drevene-brikety-Nestro-100x100.webp,10,index.html,remote,Not republished; ownership/licence confirmation required
https://woodbrezany.com/wp-content/uploads/2013/08/Koupit-drevene-brikety-Nestro-280x280.webp,10,index.html,remote,Not republished; ownership/licence confirmation required
https://woodbrezany.com/wp-content/uploads/2013/08/Koupit-drevene-brikety-Nestro.webp,13,index.html,remote,Not republished; ownership/licence confirmation required
https://woodbrezany.com/wp-content/uploads/2013/08/Koupit-drevene-brikety-RUF-100x100.webp,14,home/index.html,remote,Not republished; ownership/licence confirmation required
https://woodbrezany.com/wp-content/uploads/2013/08/Koupit-drevene-brikety-RUF-280x280.webp,14,home/index.html,remote,Not republished; ownership/licence confirmation required
https://woodbrezany.com/wp-content/uploads/2013/08/Koupit-drevene-brikety-RUF.webp,17,home/index.html,remote,Not republished; ownership/licence confirmation required
https://woodbrezany.com/wp-content/uploads/2013/08/Koupit-drevene-pelety-DIN-100x100.webp,15,index.html,remote,Not republished; ownership/licence confirmation required
https://woodbrezany.com/wp-content/uploads/2013/08/Koupit-drevene-pelety-DIN-280x280.webp,15,index.html,remote,Not republished; ownership/licence confirmation required
https://woodbrezany.com/wp-content/uploads/2013/08/Koupit-drevene-pelety-DIN-300x300.webp,15,index.html,remote,Not republished; ownership/licence confirmation required
https://woodbrezany.com/wp-content/uploads/2013/08/Koupit-drevene-pelety-DIN-400x400.webp,15,index.html,remote,Not republished; ownership/licence confirmation required
https://woodbrezany.com/wp-content/uploads/2013/08/Koupit-drevene-pelety-DIN-600x600.webp,15,index.html,remote,Not republished; ownership/licence confirmation required
https://woodbrezany.com/wp-content/uploads/2013/08/Koupit-drevene-pelety-DIN.webp,16,index.html,remote,Not republished; ownership/licence confirmation required
https://woodbrezany.com/wp-content/uploads/2013/08/Koupit-dubove-piliny-online-100x100.webp,10,index.html,remote,Not republished; ownership/licence confirmation required
https://woodbrezany.com/wp-content/uploads/2013/08/Koupit-dubove-piliny-online-280x280.webp,10,index.html,remote,Not republished; ownership/licence confirmation required
https://woodbrezany.com/wp-content/uploads/2013/08/Koupit-dubove-piliny-online-300x300.webp,10,index.html,remote,Not republished; ownership/licence confirmation required
https://woodbrezany.com/wp-content/uploads/2013/08/Koupit-olsove-palivove-drevo-100x100.webp,16,home/index.html,remote,Not republished; ownership/licence confirmation required
https://woodbrezany.com/wp-content/uploads/2013/08/Koupit-olsove-palivove-drevo-280x280.webp,16,home/index.html,remote,Not republished; ownership/licence confirmation required
https://woodbrezany.com/wp-content/uploads/2013/08/Koupit-olsove-palivove-drevo-300x300.webp,17,home/index.html,remote,Not republished; ownership/licence confirmation required
https://woodbrezany.com/wp-content/uploads/2013/08/Koupit-olsove-palivove-drevo-400x400.webp,16,home/index.html,remote,Not republished; ownership/licence confirmation required
https://woodbrezany.com/wp-content/uploads/2013/08/Koupit-olsove-palivove-drevo-600x600.webp,16,home/index.html,remote,Not republished; ownership/licence confirmation required
https://woodbrezany.com/wp-content/uploads/2013/08/Koupit-olsove-palivove-drevo.webp,17,home/index.html,remote,Not republished; ownership/licence confirmation required
https://woodbrezany.com/wp-content/uploads/2013/08/Koupit-prumyslove-pelety-DIN-100x100.webp,10,home/index.html,remote,Not republished; ownership/licence confirmation required
https://woodbrezany.com/wp-content/uploads/2013/08/Koupit-prumyslove-pelety-DIN-280x280.webp,10,home/index.html,remote,Not republished; ownership/licence confirmation required
https://woodbrezany.com/wp-content/uploads/2013/08/Koupit-prumyslove-pelety-DIN-300x300.webp,11,home/index.html,remote,Not republished; ownership/licence confirmation required
https://woodbrezany.com/wp-content/uploads/2013/08/Koupit-prumyslove-pelety-DIN-400x400.webp,10,home/index.html,remote,Not republished; ownership/licence confirmation required
https://woodbrezany.com/wp-content/uploads/2013/08/Koupit-prumyslove-pelety-DIN.webp,11,home/index.html,remote,Not republished; ownership/licence confirmation required
https://woodbrezany.com/wp-content/uploads/2013/08/Koupit-raselinove-brikety-100x100.webp,9,home/index.html,remote,Not republished; ownership/licence confirmation required
https://woodbrezany.com/wp-content/uploads/2013/08/Koupit-raselinove-brikety-280x280.webp,9,home/index.html,remote,Not republished; ownership/licence confirmation required
https://woodbrezany.com/wp-content/uploads/2013/08/Koupit-raselinove-brikety.webp,10,home/index.html,remote,Not republished; ownership/licence confirmation required
https://woodbrezany.com/wp-content/uploads/2013/08/Koupit-smrkove-piliny-100x100.webp,11,home/index.html,remote,Not republished; ownership/licence confirmation required
https://woodbrezany.com/wp-content/uploads/2013/08/Koupit-smrkove-piliny-280x280.webp,11,home/index.html,remote,Not republished; ownership/licence confirmation required
https://woodbrezany.com/wp-content/uploads/2013/08/Koupit-smrkove-piliny.webp,14,home/index.html,remote,Not republished; ownership/licence confirmation required
https://woodbrezany.com/wp-content/uploads/2014/07/Koupit-briketove-uhli--100x100.webp,10,index.html,remote,Not republished; ownership/licence confirmation required
https://woodbrezany.com/wp-content/uploads/2014/07/Koupit-briketove-uhli--280x280.webp,10,index.html,remote,Not republished; ownership/licence confirmation required
https://woodbrezany.com/wp-content/uploads/2014/07/Koupit-briketove-uhli--300x300.webp,11,index.html,remote,Not republished; ownership/licence confirmation required
https://woodbrezany.com/wp-content/uploads/2014/07/Koupit-briketove-uhli--400x400.webp,10,index.html,remote,Not republished; ownership/licence confirmation required
https://woodbrezany.com/wp-content/uploads/2014/07/Koupit-briketove-uhli-.webp,10,index.html,remote,Not republished; ownership/licence confirmation required
https://woodbrezany.com/wp-content/uploads/2014/08/Koupit-seno-pelety-DIN-na-topeni-100x100.webp,7,home/index.html,remote,Not republished; ownership/licence confirmation required
https://woodbrezany.com/wp-content/uploads/2014/08/Koupit-seno-pelety-DIN-na-topeni-280x280.webp,7,home/index.html,remote,Not republished; ownership/licence confirmation required
https://woodbrezany.com/wp-content/uploads/2014/08/Koupit-seno-pelety-DIN-na-topeni.webp,9,home/index.html,remote,Not republished; ownership/licence confirmation required
https://woodbrezany.com/wp-content/uploads/2014/08/Koupit-smesne-drevene-hobliny-100x100.webp,11,index.html,remote,Not republished; ownership/licence confirmation required
https://woodbrezany.com/wp-content/uploads/2014/08/Koupit-smesne-drevene-hobliny-280x280.webp,11,index.html,remote,Not republished; ownership/licence confirmation required
https://woodbrezany.com/wp-content/uploads/2014/08/Koupit-smesne-drevene-hobliny.webp,13,index.html,remote,Not republished; ownership/licence confirmation required
https://woodbrezany.com/wp-content/uploads/2015/10/Certifikace-ENplus-100x100.webp,1,en/what-is-enplus-certification/index.html,remote,Not republished; ownership/licence confirmation required
https://woodbrezany.com/wp-content/uploads/2015/10/Certifikace-ENplus-280x280.webp,1,en/what-is-enplus-certification/index.html,remote,Not republished; ownership/licence confirmation required
https://woodbrezany.com/wp-content/uploads/2015/10/Certifikace-ENplus-300x300.webp,1,en/what-is-enplus-certification/index.html,remote,Not republished; ownership/licence confirmation required
https://woodbrezany.com/wp-content/uploads/2015/10/Certifikace-ENplus-400x400.webp,1,en/what-is-enplus-certification/index.html,remote,Not republished; ownership/licence confirmation required
https://woodbrezany.com/wp-content/uploads/2015/10/Certifikace-ENplus-600x600.webp,1,en/what-is-enplus-certification/index.html,remote,Not republished; ownership/licence confirmation required
https://woodbrezany.com/wp-content/uploads/2015/10/Certifikace-ENplus.webp,1,en/what-is-enplus-certification/index.html,remote,Not republished; ownership/licence confirmation required
https://woodbrezany.com/wp-content/uploads/2025/10/1_GG6WEA3CV-SMmCnoJPcuFQ-600x341.webp,1,en/what-is-enplus-certification/index.html,remote,Not republished; ownership/licence confirmation required
https://woodbrezany.com/wp-content/uploads/2025/10/1_GG6WEA3CV-SMmCnoJPcuFQ-705x400.webp,1,en/what-is-enplus-certification/index.html,remote,Not republished; ownership/licence confirmation required
https://woodbrezany.com/wp-content/uploads/2025/10/1_GG6WEA3CV-SMmCnoJPcuFQ-768x436.webp,1,en/what-is-enplus-certification/index.html,remote,Not republished; ownership/licence confirmation required
https://woodbrezany.com/wp-content/uploads/2025/10/1_GG6WEA3CV-SMmCnoJPcuFQ.webp,1,en/what-is-enplus-certification/index.html,remote,Not republished; ownership/licence confirmation required
https://woodbrezany.com/wp-content/uploads/2025/10/DIN-Straw2-1.webp,1,home/index.html,remote,Not republished; ownership/licence confirmation required
https://woodbrezany.com/wp-content/uploads/2025/10/Hobliny-na-krmeni-drubeze-100x100.webp,5,index.html,remote,Not republished; ownership/licence confirmation required
https://woodbrezany.com/wp-content/uploads/2025/10/Hobliny-na-krmeni-drubeze-280x280.webp,5,index.html,remote,Not republished; ownership/licence confirmation required
https://woodbrezany.com/wp-content/uploads/2025/10/Hobliny-na-krmeni-drubeze-300x300.webp,5,index.html,remote,Not republished; ownership/licence confirmation required
https://woodbrezany.com/wp-content/uploads/2025/10/Hobliny-na-krmeni-drubeze.webp,5,index.html,remote,Not republished; ownership/licence confirmation required
https://woodbrezany.com/wp-content/uploads/2025/10/Koupit-drevene-hobliny-online.webp,2,de/kontaktieren-sie-wood-brezany/index.html,remote,Not republished; ownership/licence confirmation required
https://woodbrezany.com/wp-content/uploads/2025/10/Koupit-dubove-drevni-stepky-100x100.webp,18,index.html,remote,Not republished; ownership/licence confirmation required
https://woodbrezany.com/wp-content/uploads/2025/10/Koupit-dubove-drevni-stepky-280x280.webp,18,index.html,remote,Not republished; ownership/licence confirmation required
https://woodbrezany.com/wp-content/uploads/2025/10/Koupit-dubove-drevni-stepky.webp,20,index.html,remote,Not republished; ownership/licence confirmation required
https://woodbrezany.com/wp-content/uploads/2025/10/Untitled-design-280x80.webp,51,index.html,remote,Not republished; ownership/licence confirmation required
https://woodbrezany.com/wp-content/uploads/2025/10/Untitled-design.webp,42,index.html,remote,Not republished; ownership/licence confirmation required
https://woodbrezany.com/wp-content/uploads/2025/11/Best-Wood-Pellets-for-Pizza-Oven-596x400.webp,1,en/what-else-can-you-use-wood-pellets-for/index.html,remote,Not republished; ownership/licence confirmation required
https://woodbrezany.com/wp-content/uploads/2025/11/Best-Wood-Pellets-for-Pizza-Oven-600x403.webp,1,en/what-else-can-you-use-wood-pellets-for/index.html,remote,Not republished; ownership/licence confirmation required
https://woodbrezany.com/wp-content/uploads/2025/11/Best-Wood-Pellets-for-Pizza-Oven-768x516.webp,1,en/what-else-can-you-use-wood-pellets-for/index.html,remote,Not republished; ownership/licence confirmation required
https://woodbrezany.com/wp-content/uploads/2025/11/Best-Wood-Pellets-for-Pizza-Oven.webp,1,en/what-else-can-you-use-wood-pellets-for/index.html,remote,Not republished; ownership/licence confirmation required
https://woodbrezany.com/wp-content/uploads/2025/11/Biomasse-Holzpellets-kaufen-100x100.webp,8,home/index.html,remote,Not republished; ownership/licence confirmation required
https://woodbrezany.com/wp-content/uploads/2025/11/Biomasse-Holzpellets-kaufen-280x280.webp,8,home/index.html,remote,Not republished; ownership/licence confirmation required
https://woodbrezany.com/wp-content/uploads/2025/11/Biomasse-Holzpellets-kaufen-300x300.webp,9,home/index.html,remote,Not republished; ownership/licence confirmation required
https://woodbrezany.com/wp-content/uploads/2025/11/Biomasse-Holzpellets-kaufen-400x400.webp,8,home/index.html,remote,Not republished; ownership/licence confirmation required
https://woodbrezany.com/wp-content/uploads/2025/11/Biomasse-Holzpellets-kaufen.webp,9,home/index.html,remote,Not republished; ownership/licence confirmation required
https://woodbrezany.com/wp-content/uploads/2025/11/Buche-Brennholz-kaufen-Deutschland-100x100.webp,5,home/index.html,remote,Not republished; ownership/licence confirmation required
https://woodbrezany.com/wp-content/uploads/2025/11/Buche-Brennholz-kaufen-Deutschland-280x280.webp,5,home/index.html,remote,Not republished; ownership/licence confirmation required
https://woodbrezany.com/wp-content/uploads/2025/11/Buche-Brennholz-kaufen-Deutschland-300x300.webp,6,home/index.html,remote,Not republished; ownership/licence confirmation required
https://woodbrezany.com/wp-content/uploads/2025/11/Buche-Brennholz-kaufen-Deutschland-438x400.webp,1,en/product/buy-beech-firewood-online/index.html,remote,Not republished; ownership/licence confirmation required
https://woodbrezany.com/wp-content/uploads/2025/11/Buche-Brennholz-kaufen-Deutschland.webp,2,en/product/buy-beech-firewood-online/index.html,remote,Not republished; ownership/licence confirmation required
https://woodbrezany.com/wp-content/uploads/2025/11/Buy-Briquetted-Charcoal-Online-100x100.webp,7,home/index.html,remote,Not republished; ownership/licence confirmation required
https://woodbrezany.com/wp-content/uploads/2025/11/Buy-Briquetted-Charcoal-Online-280x280.webp,7,home/index.html,remote,Not republished; ownership/licence confirmation required
https://woodbrezany.com/wp-content/uploads/2025/11/Buy-Briquetted-Charcoal-Online-300x300.webp,8,home/index.html,remote,Not republished; ownership/licence confirmation required
https://woodbrezany.com/wp-content/uploads/2025/11/Buy-Briquetted-Charcoal-Online-400x400.webp,7,home/index.html,remote,Not republished; ownership/licence confirmation required
https://woodbrezany.com/wp-content/uploads/2025/11/Buy-Briquetted-Charcoal-Online.webp,9,home/index.html,remote,Not republished; ownership/licence confirmation required
https://woodbrezany.com/wp-content/uploads/2025/11/Buy-DIN-Hay-Pellets-for-heating-100x100.webp,6,home/index.html,remote,Not republished; ownership/licence confirmation required
https://woodbrezany.com/wp-content/uploads/2025/11/Buy-DIN-Hay-Pellets-for-heating-280x280.webp,6,home/index.html,remote,Not republished; ownership/licence confirmation required
https://woodbrezany.com/wp-content/uploads/2025/11/Buy-DIN-Hay-Pellets-for-heating-300x300.webp,7,home/index.html,remote,Not republished; ownership/licence confirmation required
https://woodbrezany.com/wp-content/uploads/2025/11/Buy-DIN-Hay-Pellets-for-heating.webp,1,en/product/buy-din-hay-pellets-for-heating/index.html,remote,Not republished; ownership/licence confirmation required
https://woodbrezany.com/wp-content/uploads/2025/11/Buy-Mixed-Wood-Shavings-UK-100x100.webp,10,index.html,remote,Not republished; ownership/licence confirmation required
https://woodbrezany.com/wp-content/uploads/2025/11/Buy-Mixed-Wood-Shavings-UK-280x280.webp,10,index.html,remote,Not republished; ownership/licence confirmation required
https://woodbrezany.com/wp-content/uploads/2025/11/Buy-Mixed-Wood-Shavings-UK-300x300.webp,12,index.html,remote,Not republished; ownership/licence confirmation required
https://woodbrezany.com/wp-content/uploads/2025/11/Buy-Mixed-Wood-Shavings-UK-400x400.webp,10,index.html,remote,Not republished; ownership/licence confirmation required
https://woodbrezany.com/wp-content/uploads/2025/11/Buy-Mixed-Wood-Shavings-UK.webp,10,index.html,remote,Not republished; ownership/licence confirmation required
https://woodbrezany.com/wp-content/uploads/2025/11/Buy-Oak-Wood-Chips-Online-100x100.webp,10,index.html,remote,Not republished; ownership/licence confirmation required
https://woodbrezany.com/wp-content/uploads/2025/11/Buy-Oak-Wood-Chips-Online-280x280.webp,10,index.html,remote,Not republished; ownership/licence confirmation required
https://woodbrezany.com/wp-content/uploads/2025/11/Buy-Oak-Wood-Chips-Online-300x300.webp,11,index.html,remote,Not republished; ownership/licence confirmation required
https://woodbrezany.com/wp-content/uploads/2025/11/Buy-Oak-Wood-Chips-Online-600x400.webp,2,en/product/buy-oak-wood-chips/index.html,remote,Not republished; ownership/licence confirmation required
https://woodbrezany.com/wp-content/uploads/2025/11/Buy-Oak-Wood-Chips-Online.webp,3,en/product/buy-oak-wood-chips/index.html,remote,Not republished; ownership/licence confirmation required
https://woodbrezany.com/wp-content/uploads/2025/11/Buy-Wood-Pellets-1-600x341.webp,4,de/holzpellets-kaufen/index.html,remote,Not republished; ownership/licence confirmation required
https://woodbrezany.com/wp-content/uploads/2025/11/Buy-Wood-Pellets-1-705x400.webp,4,de/holzpellets-kaufen/index.html,remote,Not republished; ownership/licence confirmation required
https://woodbrezany.com/wp-content/uploads/2025/11/Buy-Wood-Pellets-1-768x436.webp,4,de/holzpellets-kaufen/index.html,remote,Not republished; ownership/licence confirmation required
https://woodbrezany.com/wp-content/uploads/2025/11/Buy-Wood-Pellets-1.webp,4,de/holzpellets-kaufen/index.html,remote,Not republished; ownership/licence confirmation required
https://woodbrezany.com/wp-content/uploads/2025/11/DINplus-EN-Plus-A1-pellets-kaufen-100x100.webp,10,home/index.html,remote,Not republished; ownership/licence confirmation required
https://woodbrezany.com/wp-content/uploads/2025/11/DINplus-EN-Plus-A1-pellets-kaufen-280x280.webp,10,home/index.html,remote,Not republished; ownership/licence confirmation required
https://woodbrezany.com/wp-content/uploads/2025/11/DINplus-EN-Plus-A1-pellets-kaufen-300x300.webp,13,home/index.html,remote,Not republished; ownership/licence confirmation required
https://woodbrezany.com/wp-content/uploads/2025/11/DINplus-EN-Plus-A1-pellets-kaufen-400x400.webp,10,home/index.html,remote,Not republished; ownership/licence confirmation required
https://woodbrezany.com/wp-content/uploads/2025/11/DINplus-EN-Plus-A1-pellets-kaufen.webp,11,home/index.html,remote,Not republished; ownership/licence confirmation required
https://woodbrezany.com/wp-content/uploads/2025/11/Hainbuchenholz-kaufen-Deutschland-100x100.webp,4,home/index.html,remote,Not republished; ownership/licence confirmation required
https://woodbrezany.com/wp-content/uploads/2025/11/Hainbuchenholz-kaufen-Deutschland-280x280.webp,4,home/index.html,remote,Not republished; ownership/licence confirmation required
https://woodbrezany.com/wp-content/uploads/2025/11/Hainbuchenholz-kaufen-Deutschland.webp,4,home/index.html,remote,Not republished; ownership/licence confirmation required
https://woodbrezany.com/wp-content/uploads/2025/11/Holzkohlebriketts-online-kaufen-Deutschland-471x400.webp,1,de/product/holzkohlebriketts-online-kaufen/index.html,remote,Not republished; ownership/licence confirmation required
https://woodbrezany.com/wp-content/uploads/2025/11/Holzkohlebriketts-online-kaufen-Deutschland-600x510.webp,1,de/product/holzkohlebriketts-online-kaufen/index.html,remote,Not republished; ownership/licence confirmation required
https://woodbrezany.com/wp-content/uploads/2025/11/Holzkohlebriketts-online-kaufen-Deutschland-768x653.webp,1,de/product/holzkohlebriketts-online-kaufen/index.html,remote,Not republished; ownership/licence confirmation required
https://woodbrezany.com/wp-content/uploads/2025/11/Holzkohlebriketts-online-kaufen-Deutschland-941x800.webp,1,de/product/holzkohlebriketts-online-kaufen/index.html,remote,Not republished; ownership/licence confirmation required
https://woodbrezany.com/wp-content/uploads/2025/11/Holzkohlebriketts-online-kaufen-Deutschland.webp,1,de/product/holzkohlebriketts-online-kaufen/index.html,remote,Not republished; ownership/licence confirmation required
https://woodbrezany.com/wp-content/uploads/2025/11/Holzpellets-EN-Plus-A1-kaufen-100x100.webp,9,home/index.html,remote,Not republished; ownership/licence confirmation required
https://woodbrezany.com/wp-content/uploads/2025/11/Holzpellets-EN-Plus-A1-kaufen-280x280.webp,9,home/index.html,remote,Not republished; ownership/licence confirmation required
https://woodbrezany.com/wp-content/uploads/2025/11/Holzpellets-EN-Plus-A1-kaufen-300x300.webp,11,home/index.html,remote,Not republished; ownership/licence confirmation required
https://woodbrezany.com/wp-content/uploads/2025/11/Holzpellets-EN-Plus-A1-kaufen-400x400.webp,9,home/index.html,remote,Not republished; ownership/licence confirmation required
https://woodbrezany.com/wp-content/uploads/2025/11/Holzpellets-EN-Plus-A1-kaufen.webp,10,home/index.html,remote,Not republished; ownership/licence confirmation required
https://woodbrezany.com/wp-content/uploads/2025/11/Kaufen-Sie-Kategorie-A1-Holzpellets-100x100.webp,7,home/index.html,remote,Not republished; ownership/licence confirmation required
https://woodbrezany.com/wp-content/uploads/2025/11/Kaufen-Sie-Kategorie-A1-Holzpellets-280x280.webp,7,home/index.html,remote,Not republished; ownership/licence confirmation required
https://woodbrezany.com/wp-content/uploads/2025/11/Kaufen-Sie-Kategorie-A1-Holzpellets-300x300.webp,7,home/index.html,remote,Not republished; ownership/licence confirmation required
https://woodbrezany.com/wp-content/uploads/2025/11/Kiefern-Brennholz-online-kaufen-100x100.webp,6,home/index.html,remote,Not republished; ownership/licence confirmation required
https://woodbrezany.com/wp-content/uploads/2025/11/Kiefern-Brennholz-online-kaufen-280x280.webp,6,home/index.html,remote,Not republished; ownership/licence confirmation required
https://woodbrezany.com/wp-content/uploads/2025/11/Kiefern-Brennholz-online-kaufen-300x300.webp,8,home/index.html,remote,Not republished; ownership/licence confirmation required
https://woodbrezany.com/wp-content/uploads/2025/11/Nestro-Holzbriketts-kaufen-Deutschland-100x100.webp,1,de/product/nestro-holzbriketts-kaufen-deutschland/index.html,remote,Not republished; ownership/licence confirmation required
https://woodbrezany.com/wp-content/uploads/2025/11/Nestro-Holzbriketts-kaufen-Deutschland-280x280.webp,1,de/product/nestro-holzbriketts-kaufen-deutschland/index.html,remote,Not republished; ownership/licence confirmation required
https://woodbrezany.com/wp-content/uploads/2025/11/Nestro-Holzbriketts-kaufen-Deutschland.webp,1,de/product/nestro-holzbriketts-kaufen-deutschland/index.html,remote,Not republished; ownership/licence confirmation required
https://woodbrezany.com/wp-content/uploads/2025/11/RUF-Holzbriketts-kaufen-Deutschland-100x100.webp,1,de/product/ruf-holzbriketts-kaufen-deutschland/index.html,remote,Not republished; ownership/licence confirmation required
https://woodbrezany.com/wp-content/uploads/2025/11/RUF-Holzbriketts-kaufen-Deutschland-280x280.webp,1,de/product/ruf-holzbriketts-kaufen-deutschland/index.html,remote,Not republished; ownership/licence confirmation required
https://woodbrezany.com/wp-content/uploads/2025/11/RUF-Holzbriketts-kaufen-Deutschland.webp,1,de/product/ruf-holzbriketts-kaufen-deutschland/index.html,remote,Not republished; ownership/licence confirmation required
https://woodbrezany.com/wp-content/uploads/2025/11/What-Are-Wood-Pellets-Used-For-596x400.webp,1,en/what-else-can-you-use-wood-pellets-for/index.html,remote,Not republished; ownership/licence confirmation required
https://woodbrezany.com/wp-content/uploads/2025/11/What-Are-Wood-Pellets-Used-For-600x403.webp,1,en/what-else-can-you-use-wood-pellets-for/index.html,remote,Not republished; ownership/licence confirmation required
https://woodbrezany.com/wp-content/uploads/2025/11/What-Are-Wood-Pellets-Used-For-768x516.webp,1,en/what-else-can-you-use-wood-pellets-for/index.html,remote,Not republished; ownership/licence confirmation required
https://woodbrezany.com/wp-content/uploads/2025/11/What-Are-Wood-Pellets-Used-For.webp,1,en/what-else-can-you-use-wood-pellets-for/index.html,remote,Not republished; ownership/licence confirmation required
https://woodbrezany.com/wp-content/uploads/2025/11/Wood-Pellets-for-Cat-Litter-UK-596x400.jpeg,1,en/what-else-can-you-use-wood-pellets-for/index.html,remote,Not republished; ownership/licence confirmation required
https://woodbrezany.com/wp-content/uploads/2025/11/Wood-Pellets-for-Cat-Litter-UK-600x403.jpeg,1,en/what-else-can-you-use-wood-pellets-for/index.html,remote,Not republished; ownership/licence confirmation required
https://woodbrezany.com/wp-content/uploads/2025/11/Wood-Pellets-for-Cat-Litter-UK-768x516.jpeg,1,en/what-else-can-you-use-wood-pellets-for/index.html,remote,Not republished; ownership/licence confirmation required
https://woodbrezany.com/wp-content/uploads/2025/11/Wood-Pellets-for-Cat-Litter-UK.jpeg,1,en/what-else-can-you-use-wood-pellets-for/index.html,remote,Not republished; ownership/licence confirmation required
https://woodbrezany.com/wp-content/uploads/2025/11/pellet-drzewny-600x341.webp,1,index.html,remote,Not republished; ownership/licence confirmation required
https://woodbrezany.com/wp-content/uploads/2025/11/pellet-drzewny-705x400.webp,1,index.html,remote,Not republished; ownership/licence confirmation required
https://woodbrezany.com/wp-content/uploads/2025/11/pellet-drzewny-768x436.webp,1,index.html,remote,Not republished; ownership/licence confirmation required
https://woodbrezany.com/wp-content/uploads/2025/11/pellet-drzewny.webp,1,index.html,remote,Not republished; ownership/licence confirmation required
https://woodbrezany.com/wp-content/uploads/2026/01/Cumparati-aschii-de-pin-100x100.webp,14,index.html,remote,Not republished; ownership/licence confirmation required
https://woodbrezany.com/wp-content/uploads/2026/01/Cumparati-aschii-de-pin-280x280.webp,14,index.html,remote,Not republished; ownership/licence confirmation required
https://woodbrezany.com/wp-content/uploads/2026/01/Cumparati-aschii-de-pin-300x300.webp,17,index.html,remote,Not republished; ownership/licence confirmation required
https://woodbrezany.com/wp-content/uploads/2026/01/Cumparati-aschii-de-pin-532x400.webp,1,en/product/buy-pine-wood-shavings-uk/index.html,remote,Not republished; ownership/licence confirmation required
https://woodbrezany.com/wp-content/uploads/2026/01/Cumparati-aschii-de-pin-600x451.webp,1,en/product/buy-pine-wood-shavings-uk/index.html,remote,Not republished; ownership/licence confirmation required
https://woodbrezany.com/wp-content/uploads/2026/01/Cumparati-aschii-de-pin.webp,2,en/product/buy-pine-wood-shavings-uk/index.html,remote,Not republished; ownership/licence confirmation required
https://woodbrezany.com/wp-content/uploads/2026/02/Birch-Firewood-for-Sale-UK-100x100.webp,6,home/index.html,remote,Not republished; ownership/licence confirmation required
https://woodbrezany.com/wp-content/uploads/2026/02/Birch-Firewood-for-Sale-UK-280x280.webp,6,home/index.html,remote,Not republished; ownership/licence confirmation required
https://woodbrezany.com/wp-content/uploads/2026/02/Birch-Firewood-for-Sale-UK-300x300.webp,7,home/index.html,remote,Not republished; ownership/licence confirmation required
https://woodbrezany.com/wp-content/uploads/2026/02/Birch-Firewood-for-Sale-UK-400x400.webp,6,home/index.html,remote,Not republished; ownership/licence confirmation required
https://woodbrezany.com/wp-content/uploads/2026/02/Birch-Firewood-for-Sale-UK.webp,6,home/index.html,remote,Not republished; ownership/licence confirmation required
https://woodbrezany.com/wp-content/uploads/2026/02/Birkenbrennholz-kaufen-Deutschland-100x100.webp,6,home/index.html,remote,Not republished; ownership/licence confirmation required
https://woodbrezany.com/wp-content/uploads/2026/02/Birkenbrennholz-kaufen-Deutschland-280x280.webp,6,home/index.html,remote,Not republished; ownership/licence confirmation required
https://woodbrezany.com/wp-content/uploads/2026/02/Birkenbrennholz-kaufen-Deutschland-300x300.webp,7,home/index.html,remote,Not republished; ownership/licence confirmation required
https://woodbrezany.com/wp-content/uploads/2026/02/Birkenbrennholz-kaufen-Deutschland-400x400.webp,6,home/index.html,remote,Not republished; ownership/licence confirmation required
https://woodbrezany.com/wp-content/uploads/2026/02/Birkenbrennholz-kaufen-Deutschland.webp,6,home/index.html,remote,Not republished; ownership/licence confirmation required
https://woodbrezany.com/wp-content/uploads/2026/02/Buy-Acacia-Firewood-Europe-100x100.webp,6,home/index.html,remote,Not republished; ownership/licence confirmation required
https://woodbrezany.com/wp-content/uploads/2026/02/Buy-Acacia-Firewood-Europe-280x280.webp,6,home/index.html,remote,Not republished; ownership/licence confirmation required
https://woodbrezany.com/wp-content/uploads/2026/02/Buy-Acacia-Firewood-Europe-300x300.webp,7,home/index.html,remote,Not republished; ownership/licence confirmation required
https://woodbrezany.com/wp-content/uploads/2026/02/Buy-Acacia-Firewood-Europe-400x400.webp,6,home/index.html,remote,Not republished; ownership/licence confirmation required
https://woodbrezany.com/wp-content/uploads/2026/02/Buy-Acacia-Firewood-Europe.webp,6,home/index.html,remote,Not republished; ownership/licence confirmation required
https://woodbrezany.com/wp-content/uploads/2026/02/Oak-firewood-for-sale-UK-100x100.webp,5,home/index.html,remote,Not republished; ownership/licence confirmation required
https://woodbrezany.com/wp-content/uploads/2026/02/Oak-firewood-for-sale-UK-280x280.webp,5,home/index.html,remote,Not republished; ownership/licence confirmation required
https://woodbrezany.com/wp-content/uploads/2026/02/Oak-firewood-for-sale-UK-300x300.webp,5,home/index.html,remote,Not republished; ownership/licence confirmation required
https://woodbrezany.com/wp-content/uploads/2026/02/Oak-firewood-for-sale-UK-401x400.webp,5,home/index.html,remote,Not republished; ownership/licence confirmation required
https://woodbrezany.com/wp-content/uploads/2026/02/Oak-firewood-for-sale-UK.webp,5,home/index.html,remote,Not republished; ownership/licence confirmation required
https://woodbrezany.com/wp-content/uploads/2026/07/Buy-shisha-charcoal-online-UK-100x100.webp,6,home/index.html,remote,Not republished; ownership/licence confirmation required
https://woodbrezany.com/wp-content/uploads/2026/07/Buy-shisha-charcoal-online-UK-280x280.webp,6,home/index.html,remote,Not republished; ownership/licence confirmation required
https://woodbrezany.com/wp-content/uploads/2026/07/Buy-shisha-charcoal-online-UK-300x300.webp,6,home/index.html,remote,Not republished; ownership/licence confirmation required
wp-content/plugins/polylang/flags/cz.png,4,index.html,relative reference,Not republished; ownership/licence confirmation required
wp-content/plugins/polylang/flags/gb.png,4,index.html,relative reference,Not republished; ownership/licence confirmation required
wp-content/uploads/2013/08/Koupit-biomasove-drevene-pelety.webp,1,index.html,relative reference,Not republished; ownership/licence confirmation required
wp-content/uploads/2025/10/Untitled-design.webp,2,index.html,relative reference,Not republished; ownership/licence confirmation required
wp-content/plugins/polylang/flags/cz.png,1,archive file,local archive image,Not republished; ownership/licence confirmation required
wp-content/plugins/polylang/flags/gb.png,1,archive file,local archive image,Not republished; ownership/licence confirmation required
wp-content/plugins/wp-rocket/assets/img/youtube.png,1,archive file,local archive image,Not republished; ownership/licence confirmation required
wp-content/themes/flatsome/assets/css/icons/fl-icons6f44.svg,1,archive file,local archive image,Not republished; ownership/licence confirmation required
wp-content/themes/flatsome/assets/img/shadow@2x.png,1,archive file,local archive image,Not republished; ownership/licence confirmation required
wp-content/themes/flatsome/assets/img/underline.png,1,archive file,local archive image,Not republished; ownership/licence confirmation required
wp-content/uploads/2013/06/Koupit-drevene-pelety-EN-Plus-A1-300x300.webp,1,archive file,local archive image,Not republished; ownership/licence confirmation required
wp-content/uploads/2013/06/Koupit-jasanove-palivove-drevo-300x300.webp,1,archive file,local archive image,Not republished; ownership/licence confirmation required
wp-content/uploads/2013/06/Koupit-susene-palivove-drevo-300x300.webp,1,archive file,local archive image,Not republished; ownership/licence confirmation required
wp-content/uploads/2013/06/Koupit-topolove-palivove-drevo-300x300.webp,1,archive file,local archive image,Not republished; ownership/licence confirmation required
wp-content/uploads/2013/08/Koupit-biomasove-drevene-pelety-300x300.webp,1,archive file,local archive image,Not republished; ownership/licence confirmation required
wp-content/uploads/2013/08/Koupit-biomasove-drevene-pelety.webp,1,archive file,local archive image,Not republished; ownership/licence confirmation required
wp-content/uploads/2013/08/Koupit-drevene-brikety-RUF.webp,1,archive file,local archive image,Not republished; ownership/licence confirmation required
wp-content/uploads/2013/08/Koupit-smrkove-piliny.webp,1,archive file,local archive image,Not republished; ownership/licence confirmation required
wp-content/uploads/2025/10/Untitled-design-280x80.webp,1,archive file,local archive image,Not republished; ownership/licence confirmation required
wp-content/uploads/2025/10/Untitled-design.webp,1,archive file,local archive image,Not republished; ownership/licence confirmation required
wp-content/uploads/2025/11/Are-Wood-Pellets-Safe-Indoors-1200x800.webp,1,archive file,local archive image,Not republished; ownership/licence confirmation required
wp-content/uploads/2025/11/Biomasse-Holzpellets-kaufen-300x300.webp,1,archive file,local archive image,Not republished; ownership/licence confirmation required
wp-content/uploads/2025/11/Buy-DIN-Hay-Pellets-for-heating-300x300.webp,1,archive file,local archive image,Not republished; ownership/licence confirmation required
wp-content/uploads/2025/11/Buy-DIN-Hay-Pellets-for-heating.webp,1,archive file,local archive image,Not republished; ownership/licence confirmation required
wp-content/uploads/2025/11/Holzpellets-EN-Plus-A1-kaufen-300x300.webp,1,archive file,local archive image,Not republished; ownership/licence confirmation required
wp-content/uploads/2025/11/Kiefern-Brennholz-online-kaufen-300x300.webp,1,archive file,local archive image,Not republished; ownership/licence confirmation required
